mcsa_id,pdb_chain_id,uniprot_id,is_reference,assembly_uniprot,assembly_source,assembly_type,assembly_nchains,ec,gene3d,pfam,experimental_technique,resolution,ligand_id,ligand_name,source
2,1btl_A,P62593,TRUE,NA,AUTHOR,monomer,1,3.5.2.6,3.40.710.10,PF13354,X-ray,1.8,SO4,SULFATE ION,Escherichia coli
2,1bsg_A,P14559,FALSE,NA,NA,NA,NA,3.5.2.6,3.40.710.10,PF13354,X-ray,1.85,ACT,ACETATE ION,Streptomyces albus G
2,1w7f_A,P00808,FALSE,NA,NA,NA,NA,3.5.2.6,3.40.710.10,PF13354,X-ray,1.8,ICT,ISOCITRIC ACID,Bacillus licheniformis
2,3byd_A,P22391,FALSE,NA,NA,NA,NA,3.5.2.6,3.40.710.10,PF13354,X-ray,1.93,"SO4 (4),ACT","SULFATE ION (4),ACETATE ION",Klebsiella oxytoca
2,3qhy_A,Q93T42,FALSE,NA,NA,NA,NA,3.5.2.6,3.40.710.10,PF13354,X-ray,2.06,NA,NA,Bacillus anthracis
2,4jpm_A,P0AD64,FALSE,NA,NA,NA,NA,3.5.2.6,3.40.710.10,PF13354,X-ray,1.14,"MA4 (2),1OG,EPE","CYCLOHEXYL-HEXYL-BETA-D-MALTOSIDE (2), 7-alkylidenecephalosporin DCM-1-10, bound form ,4-(2-HYDROXYETHYL)-1-PIPERAZINE ETHANESULFONIC ACID",Klebsiella pneumoniae
15,1znb_A,P25910,TRUE,monomer,AUTHOR,monomer,1,3.5.2.6,3.60.15.10,NA,X-ray,1.85,"ZN (2),NA","ZINC ION (2),SODIUM ION",Bacteroides fragilis
15,1jje_A,Q79MP6,FALSE,monomer,NA,NA,NA,3.5.2.6,3.60.15.10,PF00753,X-ray,1.8,"ZN (3),ACT,BYS","ZINC ION (3),ACETATE ION,2-BENZO[1,3]DIOXOL-5-YLMETHYL-3-BENZYL-SUCCINIC ACID",Pseudomonas aeruginosa
15,4tzf_A,M1VE66,FALSE,NA,NA,NA,NA,NA,3.60.15.10,PF00753,X-ray,1.22,ZN (2),ZINC ION (2),Escherichia coli
15,6dja_A,P14488,FALSE,monomer,NA,NA,NA,3.5.2.6,3.60.15.10,PF00753,X-ray,2.48,ZN (2),ZINC ION (2),Bacillus cereus
15,6t5k_C,L0FY79,FALSE,monomer,NA,NA,NA,3.5.2.6,3.60.15.10,PF00753,X-ray,1.33,"EDO (5),ZN (2)","1,2-ETHANEDIOL (5),ZINC ION (2)",Echinicola vietnamensis
15,6xfr_A,A0A0E3ZJD7,FALSE,monomer,NA,NA,NA,3.5.2.6,3.60.15.10,PF00753,X-ray,2.608,"EPE (3),ZN (6),NA","4-(2-HYDROXYETHYL)-1-PIPERAZINE ETHANESULFONIC ACID (3),ZINC ION (6),SODIUM ION",Pontibacter korlensis
71,1eug_A,P12295,TRUE,monomer,AUTHOR,monomer,1,3.2.2.27,3.40.470.10,PF03167,X-ray,1.6,NA,NA,Escherichia coli B
71,1okb_A,Q9I983,FALSE,NA,NA,NA,NA,3.2.2.27,3.40.470.10,PF03167,X-ray,1.9,"GOL,CL","GLYCEROL,CHLORIDE ION",Gadus morhua
71,3cxm_A,D0VWU0,FALSE,NA,NA,NA,NA,3.2.2.27,3.40.470.10,PF03167,X-ray,1.5,"BR,URB,URA,GOL","BROMIDE ION,5-bromopyrimidine-2,4(1H,3H)-dione,URACIL,GLYCEROL",Leishmania naiffi
71,3tr7_A,Q83CW4,FALSE,NA,NA,NA,NA,3.2.2.27,3.40.470.10,PF03167,X-ray,2.1958,NA,NA,Coxiella burnetii
71,3zoq_A,P39615,FALSE,NA,NA,NA,NA,3.2.2.27,3.40.470.10,PF03167,X-ray,1.45,"GOL,CL","GLYCEROL,CHLORIDE ION",Bacillus subtilis subsp. subtilis str. 168
71,4ws4_A,P9WFQ9,FALSE,NA,NA,NA,NA,3.2.2.27,3.40.470.10,PF03167,X-ray,1.18,"CIT (2),5NU,IPA,DMS (4),CL (2)","CITRIC ACID (2),5-nitrouracil,ISOPROPYL ALCOHOL,DIMETHYL SULFOXIDE (4),CHLORIDE ION (2)",Mycobacterium tuberculosis H37Rv
71,5x55_A,Q5UPT2,FALSE,NA,NA,NA,NA,3.2.2.-,3.40.470.10,PF03167,X-ray,2.302,NA,NA,Acanthamoeba polyphaga mimivirus
71,6lyj_A,P12888,FALSE,NA,NA,NA,NA,3.2.2.27,3.40.470.10,PF03167,X-ray,2.1,NA,NA,Human gammaherpesvirus 4
98,1bsz_C,P0A6K3,TRUE,monomer,AUTHOR,monomer,1,3.5.1.88,3.90.45.10,PF01327,X-ray,1.9,"FE,2PE,SO4 (2)","FE (III) ION,NONAETHYLENE GLYCOL,SULFATE ION (2)",Escherichia coli K-12
98,1rl4_A,Q8I372,FALSE,NA,NA,NA,NA,3.5.1.88,3.90.45.10,PF01327,X-ray,2.18,"CO,BRR,BL5","COBALT (II) ION,(2R)-2-{[FORMYL(HYDROXY)AMINO]METHYL}HEXANOIC ACID,2-{N'-[2-(5-AMINO-1-PHENYLCARBAMOYL-PENTYLCARBAMOYL)-HEXYL]-HYDRAZINOMETHYL}-HEXANOIC ACID(5-AMINO-1-PHENYLCARBAMOYL-PENTYL)-AMIDE",Plasmodium falciparum 3D7
98,1v3y_A,P43522,FALSE,NA,NA,NA,NA,3.5.1.88,3.90.45.10,PF01327,X-ray,1.81,NA,NA,Thermus thermophilus
98,1vez_A,Q93LE9,FALSE,homodimer,NA,NA,NA,3.5.1.88,3.90.45.10,PF01327,X-ray,2.3,"ZN,TRS (3),FMT (5)","ZINC ION,2-AMINO-2-HYDROXYMETHYL-PROPANE-1,3-DIOL (3),FORMIC ACID (5)",Leptospira interrogans
98,1ws0_A,Q819U0,FALSE,NA,NA,NA,NA,3.5.1.88,3.90.45.10,PF01327,X-ray,1.7,NI,NICKEL (II) ION,Bacillus cereus
98,1zxz_A,Q9FV53,FALSE,homodimer,NA,NA,NA,3.5.1.88,3.90.45.10,PF01327,X-ray,2.8,ZN,ZINC ION,Arabidopsis thaliana
98,3e3u_A,P9WIJ3,FALSE,NA,NA,NA,NA,3.5.1.88,3.90.45.10,PF01327,X-ray,1.56,"NI,NVC (3)","NICKEL (II) ION,N-[(2R)-2-{[(2S)-2-(1,3-benzoxazol-2-yl)pyrrolidin-1-yl]carbonyl}hexyl]-N-hydroxyformamide (3)",Mycobacterium tuberculosis
98,3qu1_A,Q9KN16,FALSE,NA,NA,NA,NA,3.5.1.88,3.90.45.10,PF01327,X-ray,1.8,"ZN (4),CL","ZINC ION (4),CHLORIDE ION",Vibrio cholerae
98,5mtd_A,Q6VT21,FALSE,NA,NA,NA,NA,NA,3.90.45.10,PF01327,X-ray,1.5,"PGE,ZN,NI (3)","TRIETHYLENE GLYCOL,ZINC ION,NICKEL (II) ION (3)",Vibrio phage VP16T
98,6jeu_A,B0VNL8,FALSE,NA,NA,NA,NA,3.5.1.88,3.90.45.10,PF01327,X-ray,2.1,"ZN,K1U","ZINC ION,(3R)-3-benzyl-4-oxo-4-[(2-oxo-2-phenylethyl)sulfanyl]butanoic acid",Acinetobacter baumannii MRSN 3527
109,1d3g_A,Q02127,TRUE,monomer,AUTHOR,monomer,1,1.3.5.2,3.20.20.70,PF01180,X-ray,1.6,"SO4,ACT,BRE,FMN,ORO,DDQ","SULFATE ION,ACETATE ION,2-BIPHENYL-4-YL-6-FLUORO-3-METHYL-QUINOLINE-4-CARBOXYLIC ACID,FLAVIN MONONUCLEOTIDE,OROTIC ACID,DECYLAMINE-N,N-DIMETHYL-N-OXIDE",Homo sapiens
109,6aje_A,U6KL66,FALSE,NA,NA,NA,NA,1.3.5.2,3.20.20.70,PF01180,X-ray,3.65,"FMN,ORO,9AU","FLAVIN MONONUCLEOTIDE,OROTIC ACID,4-oxidanyl-3-[(2~{E},6~{E})-3,7,11-trimethyldodeca-2,6,10-trienyl]chromen-2-one",Eimeria tenella
109,6i55_A,Q54A96,FALSE,NA,NA,NA,NA,1.3.5.2,3.20.20.70,PF01180,X-ray,1.98,"FMN,ORO,DZB","FLAVIN MONONUCLEOTIDE,OROTIC ACID,N-(2,2-Diphenylethyl)-4-hydroxy-1,2,5-thiadiazole-3-carboxamide",Plasmodium falciparum
109,6uy4_A,G4VFD7,FALSE,NA,NA,NA,NA,1.3.5.2,3.20.20.70,PF01180,X-ray,2.796,"QLA,GOL (4),FMN","2-[(4-fluorophenyl)amino]-3-hydroxynaphthalene-1,4-dione,GLYCEROL (4),FLAVIN MONONUCLEOTIDE",Schistosoma mansoni
148,1onr_A,P0A870,TRUE,homodimer,SOFTWARE,monomer,1,2.2.1.2,3.20.20.70,PF00923,X-ray,1.87,NA,NA,Escherichia coli
148,2e1d_A,Q93092,FALSE,homodimer;heterodimer,NA,NA,NA,2.2.1.2,3.20.20.70,PF00923,X-ray,2,SO3,SULFITE ION,Mus musculus
148,3cq0_A,P53228,FALSE,homodimer,NA,NA,NA,2.2.1.2,3.20.20.70,PF00923,X-ray,1.9,"EDO (9),PG4,GOL (7)","1,2-ETHANEDIOL (9),TETRAETHYLENE GLYCOL,GLYCEROL (7)",Saccharomyces cerevisiae
148,3hjz_A,Q31C15,FALSE,homodimer,NA,NA,NA,2.2.1.2,3.20.20.70,PF00923,X-ray,1.9,"EDO (6),NA (6),CL (3),SO4,PEG","1,2-ETHANEDIOL (6),SODIUM ION (6),CHLORIDE ION (3),SULFATE ION,DI(HYDROXYETHYL)ETHER",Prochlorococcus marinus str. MIT 9312
148,3tk7_A,Q5NFX0,FALSE,NA,NA,NA,NA,2.2.1.2,3.20.20.70,PF00923,X-ray,2,F6R,FRUCTOSE -6-PHOSPHATE,Francisella tularensis subsp. tularensis
151,1q0n_A,P26281,TRUE,monomer,AUTHOR,monomer,1,2.7.6.3,3.30.70.560,PF01288,X-ray,1.25,"MG (2),CL,ACT (4),APC,PH2","MAGNESIUM ION (2),CHLORIDE ION,ACETATE ION (4),DIPHOSPHOMETHYLPHOSPHONIC ACID ADENOSYL ESTER,2-AMINO-6-HYDROXYMETHYL-7,8-DIHYDRO-3H-PTERIDIN-4-ONE",Escherichia coli
151,1cbk_A,P43777,FALSE,monomer,NA,NA,NA,2.7.6.3,3.30.70.560,PF01288,X-ray,2.02,"SO4,ROI","SULFATE ION,7,8-DIHYDRO-7,7-DIMETHYL-6-HYDROXYPTERIN",Haemophilus influenzae
151,2qx0_A,A0A5P8YCA3,FALSE,NA,NA,NA,NA,2.7.6.3,3.30.70.560,PF01288,X-ray,1.8,"MG (2),APC,PH2","MAGNESIUM ION (2),DIPHOSPHOMETHYLPHOSPHONIC ACID ADENOSYL ESTER,2-AMINO-6-HYDROXYMETHYL-7,8-DIHYDRO-3H-PTERIDIN-4-ONE",Yersinia pestis
151,5etq_A,Q2G0Q5,FALSE,NA,NA,NA,NA,2.7.6.3,3.30.70.560,PF01288,X-ray,1.96,"MG (2),APC,YH2,NA (2)","MAGNESIUM ION (2),DIPHOSPHOMETHYLPHOSPHONIC ACID ADENOSYL ESTER,4-{[(2-amino-6-oxo-6,9-dihydro-1H-purin-8-yl)sulfanyl]methyl}benzonitrile,SODIUM ION (2)",Staphylococcus aureus
160,1ako_A,P09030,TRUE,monomer,AUTHOR,monomer,1,3.1.11.2,3.60.10.10,PF03372,X-ray,1.7,NA,NA,Escherichia coli K-12
160,2j63_A,O15922,FALSE,NA,NA,NA,NA,3.1.-.-,3.60.10.10,PF03372,X-ray,2.48,NA,NA,Leishmania major
160,2voa_A,O29675,FALSE,NA,NA,NA,NA,NA,3.60.10.10,PF03372,X-ray,1.7,NA,NA,Archaeoglobus fulgidus
160,3g3y_A,O26314,FALSE,NA,NA,NA,NA,3.1.11.2; 4.2.99.18,3.60.10.10,PF03372,X-ray,2.5,"MG,GOL (3)","MAGNESIUM ION,GLYCEROL (3)",Methanothermobacter thermautotrophicus str. Delta H
160,4b5g_A,Q7DD47,FALSE,NA,NA,NA,NA,3.1.11.2,3.60.10.10,PF03372,X-ray,2.75,NA,NA,Neisseria meningitidis
160,5cfe_A,P37454,FALSE,NA,NA,NA,NA,3.1.11.2,3.60.10.10,PF03372,X-ray,1.84,"CA (3),PEG (3)","CALCIUM ION (3),DI(HYDROXYETHYL)ETHER (3)",Bacillus subtilis subsp. subtilis str. 168
160,5ewt_A,F0NG49,FALSE,NA,NA,NA,NA,NA,3.60.10.10,PF03372,X-ray,1.8,NA,NA,Sulfolobus islandicus REY15A
160,6lpm_A,Q9RXF9,FALSE,NA,NA,NA,NA,NA,3.60.10.10,PF03372,X-ray,1.5,NA,NA,Deinococcus radiodurans
160,6wcd_A,Q6DDT4,FALSE,NA,NA,NA,NA,3.1.11.2,3.60.10.10,PF03372;PF06839,X-ray,1.54,"MG,MES,BU1 (3),EDO","MAGNESIUM ION,2-(N-MORPHOLINO)-ETHANESULFONIC ACID,1,4-BUTANEDIOL (3),1,2-ETHANEDIOL",Xenopus laevis
160,7cd5_A,P28352,FALSE,monomer;homodimer;dimer,NA,NA,NA,3.1.11.2,3.60.10.10,PF03372,X-ray,2.7,NA,NA,Mus musculus
164,1ruv_A,P61823,TRUE,monomer,AUTHOR,monomer,1,4.6.1.18,3.10.130.10,PF00074,X-ray,1.25,"UVC,TBU","URIDINE-2',3'-VANADATE,TERTIARY-BUTYL ALCOHOL",Bos taurus
164,1dza_A,P07998,FALSE,monomer,NA,NA,NA,4.6.1.18,3.10.130.10,PF00074,X-ray,1.65,NA,NA,Homo sapiens
164,2bwk_A,P21570,FALSE,homodimer,NA,NA,NA,3.1.27.-,3.10.130.10,PF00074,X-ray,1.5,SO4 (2),SULFATE ION (2),Mus musculus
164,3zbv_A,Q64438,FALSE,homodimer,NA,NA,NA,NA,3.10.130.10,PF00074,X-ray,1.64,"ZN,SO4 (2),GOL","ZINC ION,SULFATE ION (2),GLYCEROL",Mus musculus
164,5ark_A,P15468,FALSE,NA,NA,NA,NA,3.1.27.-,3.10.130.10,PF00074,X-ray,2.28,"UMP,PO4","2'-DEOXYURIDINE 5'-MONOPHOSPHATE,PHOSPHATE ION",Sus scrofa
174,9pap_A,P00784,TRUE,NA,AUTHOR,monomer,1,3.4.22.2,3.90.70.10,PF08246;PF00112,X-ray,1.65,MOH (29),METHANOL (29),Carica papaya
174,1cqd_A,P82474,FALSE,NA,NA,NA,NA,3.4.22.67,3.90.70.10,PF00112,X-ray,2.1,THJ,THIOSULFATE,Zingiber officinale
174,1nb3_A,O46427,FALSE,NA,NA,NA,NA,3.4.22.16,3.90.70.10,PF08246;PF00112,X-ray,2.8,NA,NA,Sus scrofa
174,1s4v_A,O65039,FALSE,NA,NA,NA,NA,3.4.22.-,3.90.70.10,PF08246;PF00112,X-ray,2,SO4,SULFATE ION,Ricinus communis
174,2pns_A,P83654,FALSE,monomer,NA,NA,NA,3.4.22.-,3.90.70.10,PF00112,X-ray,1.9,"PO4,THJ","PHOSPHATE ION,THIOSULFATE",Tabernaemontana divaricata
174,3u8e_A,G8JLU6,FALSE,NA,NA,NA,NA,NA,3.90.70.10,PF00112,X-ray,1.31,"NA (2),SO4 (2),GOL (2)","SODIUM ION (2),SULFATE ION (2),GLYCEROL (2)",Crocus sativus
174,5a24_A,A0A0E3GLN3,FALSE,NA,NA,NA,NA,NA,3.90.70.10,PF08246;PF00112,X-ray,1.5,"E64,PO4","N-[N-[1-HYDROXYCARBOXYETHYL-CARBONYL]LEUCYLAMINO-BUTYL]-GUANIDINE,PHOSPHATE ION",Dionaea muscipula
174,5ef4_A,V5LU01,FALSE,homodimer,NA,NA,NA,3.4.22.-,3.90.70.10,PF08246;PF00112,X-ray,2.05,GOL (4),GLYCEROL (4),Ambrosia artemisiifolia
174,5jt8_A,A1KXI0,FALSE,homodimer,NA,NA,NA,3.4.22.-,3.90.70.10,PF08246;PF00112,X-ray,2.1,"NAG,CL (2),NO3 (4)","2-acetamido-2-deoxy-beta-D-glucopyranose,CHLORIDE ION (2),NITRATE ION (4)",Blomia tropicalis
174,5vpg_A,Q3HWZ5,FALSE,NA,NA,NA,NA,NA,3.90.70.10,PF00112,X-ray,1.95,"CA,EDO (5),NAG","CALCIUM ION,1,2-ETHANEDIOL (5),2-acetamido-2-deoxy-beta-D-glucopyranose",Dermatophagoides pteronyssinus
174,6bki_A,P55097,FALSE,NA,NA,NA,NA,3.4.22.38,3.90.70.10,PF08246;PF00112,X-ray,2.94,SO4,SULFATE ION,Mus musculus
174,6p4e_A,P36400,FALSE,NA,NA,NA,NA,3.4.22.-,3.90.70.10,PF12131;PF08246;PF00112,X-ray,1.35,"NA,ACT (2),MPD (2),GES","SODIUM ION,ACETATE ION (2),(4S)-2-METHYL-2,4-PENTANEDIOL (2),3-tert-butyl-N-[(2S)-1-(2-cyano-1,2-dimethylhydrazinyl)-4-methyl-1-oxopentan-2-yl]-1-methyl-1H-pyrazole-5-carboxamide (non-preferred name)",Leishmania mexicana
216,1ca2_A,P00918,TRUE,NA,AUTHOR,monomer,1,4.2.1.1; 4.2.1.69,3.10.200.10,PF00194,X-ray,2,ZN,ZINC ION,Homo sapiens
216,1jd0_A,O43570,FALSE,homodimer,NA,NA,NA,4.2.1.1,3.10.200.10,PF00194,X-ray,1.5,"ZN,AZM","ZINC ION,5-ACETAMIDO-1,3,4-THIADIAZOLE-2-SULFONAMIDE",Homo sapiens
216,1rj5_A,Q9WVT6,FALSE,NA,NA,NA,NA,4.2.1.1,3.10.200.10,PF00194,X-ray,2.81,"ZN,CL,ACY","ZINC ION,CHLORIDE ION,ACETIC ACID",Mus musculus
216,3ml5_A,P43166,FALSE,NA,NA,NA,NA,4.2.1.1,3.10.200.10,PF00194,X-ray,2.05,"ZN,AZM","ZINC ION,5-ACETAMIDO-1,3,4-THIADIAZOLE-2-SULFONAMIDE",Homo sapiens
216,3znc_A,Q64444,FALSE,NA,NA,NA,NA,4.2.1.1,3.10.200.10,PF00194,X-ray,2.8,"ZN,BZ1","ZINC ION,(+)-4-ETHYLAMINO-3,4-DIHYDRO-2-(METHOXY)PROPYL-2H-THIENO[3,2-E]-1,2-THIAZINE-6-SULFONAMIDE-1,1-DIOXIDE",Mus musculus
252,1igs_A,Q06121,TRUE,monomer,AUTHOR,monomer,1,4.1.1.48,3.20.20.70,PF00218,X-ray,2,PO4,PHOSPHATE ION,Saccharolobus solfataricus
252,1i4n_A,Q56319,FALSE,NA,NA,NA,NA,4.1.1.48,3.20.20.70,PF00218,X-ray,2.5,SO4,SULFATE ION,Thermotoga maritima
252,1jcm_P,P00909,FALSE,monomer,NA,NA,NA,4.1.1.48; 5.3.1.24,3.20.20.70,PF00218;PF00697,X-ray,2.1,"PO4 (6),137","PHOSPHATE ION (6),1-(O-CARBOXY-PHENYLAMINO)-1-DEOXY-D-RIBULOSE-5-PHOSPHATE",Escherichia coli
252,1vc4_A,P84126,FALSE,NA,NA,NA,NA,4.1.1.48,3.20.20.70,PF00218,X-ray,1.8,"SO4 (5),ACY (2)","SULFATE ION (5),ACETIC ACID (2)",Thermus thermophilus
252,3t44_A,P9WFX7,FALSE,NA,NA,NA,NA,4.1.1.48,3.20.20.70,PF00218,X-ray,1.6,"IGP,BE2","INDOLE-3-GLYCEROL PHOSPHATE,2-AMINOBENZOIC ACID",Mycobacterium tuberculosis
252,6y88_A,P20577,FALSE,NA,NA,NA,NA,4.1.1.48,3.20.20.70,PF00218,X-ray,2.09983451737,"137,GOL","1-(O-CARBOXY-PHENYLAMINO)-1-DEOXY-D-RIBULOSE-5-PHOSPHATE,GLYCEROL",Pseudomonas aeruginosa
257,1xx2_A,P05364,TRUE,NA,AUTHOR,monomer,1,3.5.2.6,3.40.710.10,PF00144,X-ray,1.88,NA,NA,Enterobacter cloacae
257,2qz6_A,P85302,FALSE,NA,NA,NA,NA,3.5.2.6,3.40.710.10,PF00144,X-ray,2.26,NA,NA,Pseudomonas fluorescens
257,3ws1_A,Q76LX5,FALSE,NA,NA,NA,NA,3.5.2.6,3.40.710.10,PF00144,X-ray,1.8,"CS,CA (4)","CESIUM ION,CALCIUM ION (4)",Chromohalobacter sp. 560
257,5e2g_A,B4EPS2,FALSE,NA,NA,NA,NA,3.5.2.6,3.40.710.10,PF00144,X-ray,1.651,"SCN (3),ACY","THIOCYANATE ION (3),ACETIC ACID",Burkholderia cenocepacia J2315
257,5evi_A,Q87Z37,FALSE,NA,NA,NA,NA,3.5.2.6,3.40.710.10,PF00144,X-ray,1.8,"SO4 (2),EDO","SULFATE ION (2),1,2-ETHANEDIOL",Pseudomonas syringae pv. tomato str. DC3000
257,5evl_A,Q7NYG4,FALSE,NA,NA,NA,NA,3.5.2.6,3.40.710.10,PF00144,X-ray,1.52,"SO4 (3),CL,GOL","SULFATE ION (3),CHLORIDE ION,GLYCEROL",Chromobacterium violaceum ATCC 12472
257,6fm6_A,A0A175VLQ4,FALSE,NA,NA,NA,NA,3.5.2.6,3.40.710.10,PF00144,X-ray,1.05,"SO4 (3),PGE","SULFATE ION (3),TRIETHYLENE GLYCOL",Aeromonas enteropelogenes
257,6lc8_A,A0A0A0Q7Z8,FALSE,NA,NA,NA,NA,3.5.2.6,3.40.710.10,PF00144,X-ray,1.6,"NXL,SO4 (7),DIO (2)","(2S,5R)-1-formyl-5-[(sulfooxy)amino]piperidine-2-carboxamide,SULFATE ION (7),1,4-DIETHYLENE DIOXIDE (2)",Enterobacter cloacae
257,6wif_A,D6NSN2,FALSE,NA,NA,NA,NA,3.5.2.6,3.40.710.10,PF00144,X-ray,2.15,"U2Y,CL","{4-[ethyl(methyl)carbamoyl]phenyl}boronic acid,CHLORIDE ION",Acinetobacter baumannii
257,7mqn_A,Q3IVS9,FALSE,NA,NA,NA,NA,3.5.2.6,3.40.710.10,PF00144,X-ray,2.21,PO4 (3),PHOSPHATE ION (3),Cereibacter sphaeroides 2.4.1
258,1sml_A,P52700,TRUE,homotetramer,AUTHOR,monomer,1,3.5.2.6,3.60.15.10,PF00753,X-ray,1.7,ZN (2),ZINC ION (2),Stenotrophomonas maltophilia
258,5axo_A,G5ELM3,FALSE,NA,NA,NA,NA,NA,3.60.15.10,PF00753,X-ray,1.39,"ZN (2),NA (10),SO4 (3),TRS,LMP","ZINC ION (2),SODIUM ION (10),SULFATE ION (3),2-AMINO-2-HYDROXYMETHYL-PROPANE-1,3-DIOL,(2~{S},3~{R},4~{S})-2-[(2~{S},3~{R})-1,3-bis(oxidanyl)-1-oxidanylidene-butan-2-yl]-4-[(3~{S},5~{S})-5-(dimethylcarbamoy
l)pyrrolidin-3-yl]sulfanyl-3-methyl-3,4-dihydro-2~{H}-pyrrole-5-carboxylic acid",Serratia marcescens
258,6auf_B,G6EHN2,FALSE,NA,NA,NA,NA,NA,3.60.15.10,PF00753,X-ray,2.603,"ZN (2),CIT","ZINC ION (2),CITRIC ACID",Novosphingobium pentaromativorans US6-1
258,6mfi_A,K4KM71,FALSE,NA,NA,NA,NA,NA,3.60.15.10,PF00753,X-ray,1.839,ZN (2),ZINC ION (2),Simiduia agarivorans SA1 = DSM 21679
290,1zio_A,P27142,TRUE,monomer,AUTHOR,monomer,1,2.7.4.3,3.40.50.300,PF00406;PF05191,X-ray,1.96,"ZN,MG,AP5","ZINC ION,MAGNESIUM ION,BIS(ADENOSINE)-5'-PENTAPHOSPHATE",Geobacillus stearothermophilus
290,1ake_A,P69441,FALSE,monomer,NA,NA,NA,2.7.4.3,3.40.50.300,PF00406;PF05191,X-ray,2,AP5,BIS(ADENOSINE)-5'-PENTAPHOSPHATE,Escherichia coli
290,1s3g_A,P84139,FALSE,monomer,NA,NA,NA,2.7.4.3,3.40.50.300,PF00406;PF05191,X-ray,2.25,"ZN,AP5","ZINC ION,BIS(ADENOSINE)-5'-PENTAPHOSPHATE",Sporosarcina globispora
290,1zak_A,P43188,FALSE,monomer,NA,NA,NA,2.7.4.3,3.40.50.300,PF00406,X-ray,3.5,AP5,BIS(ADENOSINE)-5'-PENTAPHOSPHATE,Zea mays
290,3aky_A,P07170,FALSE,monomer,NA,NA,NA,2.7.4.3,3.40.50.300,PF00406;PF05191,X-ray,2.23,"AP5,IMD","BIS(ADENOSINE)-5'-PENTAPHOSPHATE,IMIDAZOLE",Saccharomyces cerevisiae
290,3fb4_A,Q6B341,FALSE,monomer,NA,NA,NA,2.7.4.3,3.40.50.300,PF00406;PF05191,X-ray,2,"ZN,AP5","ZINC ION,BIS(ADENOSINE)-5'-PENTAPHOSPHATE",Jeotgalibacillus marinus
290,4jla_A,O66490,FALSE,monomer,NA,NA,NA,2.7.4.3,3.40.50.300,PF00406,X-ray,2.12,ADP (2),ADENOSINE-5'-DIPHOSPHATE (2),Aquifex aeolicus VF5
328,1lbm_A,Q56320,TRUE,homodimer,AUTHOR,monomer,1,5.3.1.24,3.20.20.70,PF00697,X-ray,2.8,137,1-(O-CARBOXY-PHENYLAMINO)-1-DEOXY-D-RIBULOSE-5-PHOSPHATE,Thermotoga maritima
328,1v5x_A,P83825,FALSE,NA,NA,NA,NA,5.3.1.24,3.20.20.70,PF00697,X-ray,2,NA,NA,Thermus thermophilus
328,4aaj_A,Q8U092,FALSE,NA,NA,NA,NA,5.3.1.24,3.20.20.70,PF00697,X-ray,1.75,SO4 (3),SULFATE ION (3),Pyrococcus furiosus
328,4wui_A,C7R2I5,FALSE,NA,NA,NA,NA,5.3.1.24,3.20.20.70,PF00697,X-ray,1.09,CIT (3),CITRIC ACID (3),Jonesia denitrificans DSM 20603
351,1snz_A,Q96C23,TRUE,monomer,AUTHOR,monomer,1,5.1.3.3,2.70.98.10,PF01263,X-ray,2.2,NA,NA,Homo sapiens
351,1nsr_A,Q9ZB17,FALSE,NA,NA,NA,NA,5.1.3.3,2.70.98.10,PF01263,X-ray,1.8,NA,SODIUM ION,Lactococcus lactis
351,3imh_A,Q5FJ46,FALSE,NA,NA,NA,NA,5.1.3.3,2.70.98.10,PF01263,X-ray,1.76,"MG (2),CL (2),GOL (5)","MAGNESIUM ION (2),CHLORIDE ION (2),GLYCEROL (5)",Lactobacillus acidophilus NCFM
351,4rnl_A,A0A0B4J187,FALSE,NA,NA,NA,NA,5.1.3.3,2.70.98.10,PF01263,X-ray,1.8,"GOL (2),PO4 (3)","GLYCEROL (2),PHOSPHATE ION (3)",Streptomyces platensis
362,1d6o_A,P62942,TRUE,NA,AUTHOR,monomer,1,5.2.1.8,3.10.50.40,PF00254,X-ray,1.85,"NH4,SO4","AMMONIUM ION,SULFATE ION",Homo sapiens
362,1jvw_A,Q09734,FALSE,NA,NA,NA,NA,5.2.1.8,3.10.50.40,PF00254,X-ray,1.7,NA,NA,Trypanosoma cruzi
362,1y0o_A,Q9SCY2,FALSE,NA,NA,NA,NA,5.2.1.8,3.10.50.40,PF00254,X-ray,1.89,NA,NA,Arabidopsis thaliana
362,4nnr_A,P26885,FALSE,NA,NA,NA,NA,5.2.1.8,3.10.50.40,PF00254,X-ray,1.98,FK5,8-DEETHYL-8-[BUT-3-ENYL]-ASCOMYCIN,Homo sapiens
362,5b8i_C,J3K5Z5,FALSE,NA,NA,NA,NA,5.2.1.8,3.10.50.40,PF00254,X-ray,1.85,"EDO (3),FK5","1,2-ETHANEDIOL (3),8-DEETHYL-8-[BUT-3-ENYL]-ASCOMYCIN",Coccidioides immitis RS
362,5hwb_A,Q4WLV6,FALSE,NA,NA,NA,NA,5.2.1.8,3.10.50.40,PF00254,X-ray,2.306,SO4 (2),SULFATE ION (2),Aspergillus fumigatus Af293
362,6b4p_A,A0A2H4A315,FALSE,NA,NA,NA,NA,5.2.1.8,3.10.50.40,PF00254,X-ray,1.55,NA,NA,Naegleria fowleri
376,1a4l_A,P03958,TRUE,NA,AUTHOR,monomer,1,3.5.4.4,3.20.20.140,PF00962,X-ray,2.6,"ZN,DCF","ZINC ION,2'-DEOXYCOFORMYCIN",Mus musculus
376,2amx_A,Q7RMV2,FALSE,NA,NA,NA,NA,3.5.4.4,3.20.20.140,PF00962,X-ray,2.02,"CO (2),UNX (5)","COBALT (II) ION (2),UNKNOWN ATOM OR ION (5)",Plasmodium yoelii
376,2bgn_E,P56658,FALSE,NA,NA,NA,NA,3.5.4.4,3.20.20.140,PF00962,X-ray,3.15,ZN,ZINC ION,Bos taurus
376,2pgf_A,A5KE01,FALSE,NA,NA,NA,NA,3.5.4.31; 3.5.4.4,3.20.20.140,PF00962,X-ray,1.89,"ZN,ADN,CCN (2)","ZINC ION,ADENOSINE,ACETONITRILE (2)",Plasmodium vivax
394,1aj0_A,P0AC13,TRUE,homodimer,AUTHOR,monomer,1,2.5.1.15,3.20.20.20,PF00809,X-ray,2,"SO4,PH2,SAN","SULFATE ION,2-AMINO-6-HYDROXYMETHYL-7,8-DIHYDRO-3H-PTERIDIN-4-ONE,SULFANILAMIDE",Escherichia coli
394,1eye_A,P9WND1,FALSE,homodimer,NA,NA,NA,2.5.1.15,3.20.20.20,PF00809,X-ray,1.7,"MG,PMM","MAGNESIUM ION,PTERIN-6-YL-METHYL-MONOPHOSPHATE",Mycobacterium tuberculosis H37Rv
394,2dzb_A,Q5SLV2,FALSE,NA,NA,NA,NA,2.5.1.15,3.20.20.20,PF00809,X-ray,1.9,HH2,6-HYDROXYMETHYLPTERIN-DIPHOSPHATE,Thermus thermophilus
394,2vef_A,P59655,FALSE,homodimer,NA,NA,NA,2.5.1.15,3.20.20.20,PF00809,X-ray,1.8,PO4,PHOSPHATE ION,Streptococcus pneumoniae
394,2y5j_A,B4E5F5,FALSE,NA,NA,NA,NA,2.5.1.15,3.20.20.20,PF00809,X-ray,2.33,EDO (4),"1,2-ETHANEDIOL (4)",Burkholderia cenocepacia
394,3tr9_A,Q83BY6,FALSE,NA,NA,NA,NA,2.5.1.15,3.20.20.20,PF00809,X-ray,1.895,"PT1,CL,NA (2)","PTEROIC ACID,CHLORIDE ION,SODIUM ION (2)",Coxiella burnetii
394,3tzf_A,A0A2S9PLG4,FALSE,NA,NA,NA,NA,2.5.1.15,3.20.20.20,PF00809,X-ray,2.1,"HH2,MG","6-HYDROXYMETHYLPTERIN-DIPHOSPHATE,MAGNESIUM ION",Yersinia pestis
394,4d8a_A,Q81VW8,FALSE,NA,NA,NA,NA,2.5.1.15,3.20.20.20,PF00809,X-ray,2.183,"LYS,SO4 (3),0HY","LYSINE,SULFATE ION (3),methyl (3R)-3-(7-amino-4,5-dioxo-1,4,5,6-tetrahydropyrimido[4,5-c]pyridazin-3-yl)butanoate",Bacillus anthracis str. A2012
394,4hb7_A,P64141,FALSE,homodimer,NA,NA,NA,2.5.1.15,3.20.20.20,PF00809,X-ray,1.95,EDO (6),"1,2-ETHANEDIOL (6)",Staphylococcus aureus subsp. aureus Mu50
394,5usw_A,Q5E7M1,FALSE,NA,NA,NA,NA,2.5.1.15,3.20.20.20,PF00809,X-ray,1.643,"GOL (3),FMT,ACT","GLYCEROL (3),FORMIC ACID,ACETATE ION",Aliivibrio fischeri ES114
444,1cel_A,P62694,TRUE,NA,AUTHOR,monomer,1,3.2.1.91,2.70.100.10,PF00734;PF00840,X-ray,1.8,"NAG,BGC,CA,IBZ","2-acetamido-2-deoxy-beta-D-glucopyranose,beta-D-glucopyranose,CALCIUM ION,2-IODOBENZYLTHIO GROUP",Trichoderma reesei
444,1eg1_A,P07981,FALSE,NA,NA,NA,NA,3.2.1.4,2.70.100.10,PF00734;PF00840,X-ray,3.6,NAG (2),2-acetamido-2-deoxy-beta-D-glucopyranose (2),Trichoderma reesei
444,2rfz_A,Q8J0K6,FALSE,NA,NA,NA,NA,3.2.1.-,2.70.100.10,PF00840,X-ray,1.8,NA,NA,Melanocarpus albomyces
444,4haq_A,D4HRL0,FALSE,monomer,NA,NA,NA,3.2.1.91,2.70.100.10,PF00840,X-ray,1.9,"MG,TRS","MAGNESIUM ION,2-AMINO-2-HYDROXYMETHYL-PROPANE-1,3-DIOL",Limnoria quadripunctata
444,4ovw_A,P46237,FALSE,NA,NA,NA,NA,3.2.1.4,2.70.100.10,PF00840,X-ray,2.3,"NAG,IN1","2-acetamido-2-deoxy-beta-D-glucopyranose,4-(beta-D-glucopyranosyloxy)-2,2-dihydroxybutyl propanoate",Fusarium oxysporum
444,5mcn_A,E9G5J5,FALSE,NA,NA,NA,NA,3.2.1.91,2.70.100.10,PF00840,X-ray,2,GOL,GLYCEROL,Daphnia pulex
462,1pnt_A,P11064,TRUE,NA,AUTHOR,monomer,1,3.1.3.2; 3.1.3.48,3.40.50.2300,PF01451,X-ray,2.2,PO4,PHOSPHATE ION,Bos taurus
462,2cwd_A,Q5SJ34,FALSE,NA,NA,NA,NA,3.1.3.48,3.40.50.2300,PF01451,X-ray,1.9,MG,MAGNESIUM ION,Thermus thermophilus HB8
462,3rof_A,P0C5D2,FALSE,NA,NA,NA,NA,3.1.3.48,3.40.50.2300,PF01451,X-ray,1.03,PO4 (2),PHOSPHATE ION (2),Staphylococcus aureus
462,4etm_A,O35016,FALSE,NA,NA,NA,NA,3.1.3.48,3.40.50.2300,PF01451,X-ray,1.6,"PO4,NA,K","PHOSPHATE ION,SODIUM ION,POTASSIUM ION",Bacillus subtilis
462,4lrq_A,A0A0H3ALA8,FALSE,NA,NA,NA,NA,3.1.3.48,3.40.50.2300,PF01451,X-ray,1.45,"MPO,SO4 (2)","3[N-MORPHOLINO]PROPANE SULFONIC ACID,SULFATE ION (2)",Vibrio cholerae O395
462,5got_A,Q9A1Y0,FALSE,NA,NA,NA,NA,3.1.3.48,3.40.50.2300,PF01451,X-ray,1.902,CL (3),CHLORIDE ION (3),Streptococcus pyogenes
467,1cv2_A,D4Z2G1,TRUE,monomer,AUTHOR,monomer,1,3.8.1.5,3.40.50.1820,PF00561,X-ray,1.58,NA,NA,Sphingomonas paucimobilis
467,1bn6_A,P59336,FALSE,monomer,NA,NA,NA,3.8.1.5,3.40.50.1820,PF00561,X-ray,1.5,NA,NA,Rhodococcus sp. (in: high G+C Gram-positive bacteria)
467,3u1t_A,Q6DND9,FALSE,NA,NA,NA,NA,NA,3.40.50.1820,PF00561,X-ray,2.2,"CL (2),MLI","CHLORIDE ION (2),MALONATE ION",unidentified
467,3wib_A,Q8U671,FALSE,monomer,NA,NA,NA,3.8.1.5,3.40.50.1820,PF00561,X-ray,1.95,NHE (2),2-[N-CYCLOHEXYLAMINO]ETHANE SULFONIC ACID (2),Agrobacterium fabrum str. C58
467,4c6h_A,A0A067XG66,FALSE,NA,NA,NA,NA,3.8.1.5,3.40.50.1820,PF00561,X-ray,1.61,"CL,PGE,HE2","CHLORIDE ION,TRIETHYLENE GLYCOL,HEXAN-1-OL",Paracoccaceae
480,1czf_A,P26214,TRUE,NA,AUTHOR,monomer,1,3.2.1.15,2.160.20.10,PF00295,X-ray,1.68,"NAG,ZN (3)","2-acetamido-2-deoxy-beta-D-glucopyranose,ZINC ION (3)",Aspergillus niger
480,1hg8_A,Q07181,FALSE,NA,NA,NA,NA,3.2.1.15,2.160.20.10,PF00295,X-ray,1.73,NAG,2-acetamido-2-deoxy-beta-D-glucopyranose,Fusarium verticillioides
480,1ia5_A,O74213,FALSE,NA,NA,NA,NA,3.2.1.15,2.160.20.10,PF00295,X-ray,2,MAN (10),alpha-D-mannopyranose (10),Aspergillus aculeatus
480,1k5c_A,P79074,FALSE,NA,NA,NA,NA,3.2.1.15,2.160.20.10,PF00295,X-ray,0.96,"NAG (2),CL,GOL (2)","2-acetamido-2-deoxy-beta-D-glucopyranose (2),CHLORIDE ION,GLYCEROL (2)",Chondrostereum purpureum
597,1uch_A,P15374,TRUE,NA,AUTHOR,monomer,1,3.4.19.12,3.40.532.10,PF01088,X-ray,1.8,NA,NA,Homo sapiens
597,1cmx_A,P35127,FALSE,NA,NA,NA,NA,3.4.19.12,3.40.532.10,PF01088,X-ray,2.25,NA,NA,NA/Saccharomyces cerevisiae (strain ATCC 204508 / S288c)
597,2wdt_A,Q8IKM8,FALSE,NA,NA,NA,NA,3.4.19.12,3.40.532.10,PF01088,X-ray,2.3,NA,NA,Plasmodium falciparum
597,4dm9_A,P09936,FALSE,monomer;homodimer,NA,NA,NA,3.4.19.12,3.40.532.10,PF01088,X-ray,2.35,NA,NA,Homo sapiens
681,1gq8_A,P83218,TRUE,NA,AUTHOR,monomer,1,3.1.1.11,2.160.20.10,PF01095,X-ray,1.75,CAC (2),CACODYLATE ION (2),Daucus carota
681,1qjv_A,P0C1A8,FALSE,monomer,NA,NA,NA,3.1.1.11,2.160.20.10,PF01095,X-ray,2.37,CL,CHLORIDE ION,Dickeya chrysanthemi
681,4pmh_A,E7CIP7,FALSE,NA,NA,NA,NA,3.1.1.11,2.160.20.10,PF01095,X-ray,1.79,NA,NA,Sitophilus oryzae
681,5c1e_A,G3YAL0,FALSE,NA,NA,NA,NA,3.1.1.11,2.160.20.10,PF01095,X-ray,1.75,"NAG,SO4 (5),CL,GOL (5),ACT","2-acetamido-2-deoxy-beta-D-glucopyranose,SULFATE ION (5),CHLORIDE ION,GLYCEROL (5),ACETATE ION",Aspergillus niger ATCC 1015
693,2rnf_A,P34096,TRUE,NA,AUTHOR,monomer,1,3.1.27.-,3.10.130.10,PF00074,X-ray,2.4,UM3,2'-DEOXYURIDINE 3'-MONOPHOSPHATE,Homo sapiens
693,1dza_A,P07998,FALSE,monomer,NA,NA,NA,4.6.1.18,3.10.130.10,PF00074,X-ray,1.65,NA,NA,Homo sapiens
693,1rra_A,P00684,FALSE,monomer,NA,NA,NA,4.6.1.18,3.10.130.10,PF00074,X-ray,2.5,PO4,PHOSPHATE ION,Rattus norvegicus
693,2bwk_A,P21570,FALSE,homodimer,NA,NA,NA,3.1.27.-,3.10.130.10,PF00074,X-ray,1.5,SO4 (2),SULFATE ION (2),Mus musculus
693,2vq9_A,A5HAK0,FALSE,NA,NA,NA,NA,3.1.27.-,3.10.130.10,PF00074,X-ray,1.85,CL (2),CHLORIDE ION (2),Danio rerio
693,3lje_A,E7FH77,FALSE,NA,NA,NA,NA,NA,3.10.130.10,PF00074,X-ray,1.8,"ACT,SO4 (2)","ACETATE ION,SULFATE ION (2)",Danio rerio
693,4per_B,P27043,FALSE,homodimer,NA,NA,NA,3.1.27.-,3.10.130.10,PF00074,X-ray,1.92,NA,NA,Gallus gallus
749,1nml_A,P83787,TRUE,NA,AUTHOR,monomer,1,NA,1.10.760.10,PF03150;PF00034,X-ray,2.2,"HEC (2),CIT (4)","HEME C (2),CITRIC ACID (4)",Marinobacter nauticus
749,1eb7_A,P14532,FALSE,NA,NA,NA,NA,1.11.1.5,1.10.760.10,PF03150;PF00034,X-ray,2.4,"HEC (2),CA","HEME C (2),CALCIUM ION",Pseudomonas aeruginosa
749,1iqc_A,P55929,FALSE,NA,NA,NA,NA,1.11.1.5,1.10.760.10,PF03150,X-ray,1.8,"CA (2),MG,HEC (2)","CALCIUM ION (2),MAGNESIUM ION,HEME C (2)",Nitrosomonas europaea
749,3hq9_A,Q749D0,FALSE,NA,NA,NA,NA,NA,1.10.760.10,PF03150;PF00034,X-ray,1.52,"HEM (2),CA,IMD (2),OXL (2),BU3","PROTOPORPHYRIN IX CONTAINING FE (2),CALCIUM ION,IMIDAZOLE (2),OXALATE ION (2),(R,R)-2,3-BUTANEDIOL",Geobacter sulfurreducens
749,3o5c_A,Q8EF24,FALSE,NA,NA,NA,NA,1.11.1.5,1.10.760.10,PF03150;PF00034,X-ray,1.8,"HEM (2),CA","PROTOPORPHYRIN IX CONTAINING FE (2),CALCIUM ION",Shewanella oneidensis
749,4aam_A,Q74FY6,FALSE,NA,NA,NA,NA,NA,1.10.760.10,PF03150;PF00034,X-ray,2.17,"HEC (2),CA,SO4 (2)","HEME C (2),CALCIUM ION,SULFATE ION (2)",Geobacter sulfurreducens PCA
814,1glo_A,P25774,TRUE,monomer,AUTHOR,monomer,1,3.4.22.27,3.90.70.10,PF08246;PF00112,X-ray,2.2,NA,NA,Homo sapiens
814,3qj3_A,Q69G21,FALSE,NA,NA,NA,NA,3.4.22.15,3.90.70.10,PF08246;PF00112,X-ray,1.85,ACT,ACETATE ION,Tenebrio molitor
814,3qt4_A,Q7YXL2,FALSE,NA,NA,NA,NA,NA,3.90.70.10,PF08246;PF00112,X-ray,2.11,"PO4 (10),PG4 (7),PG6 (2)","PHOSPHATE ION (10),TETRAETHYLENE GLYCOL (7),1-(2-METHOXY-ETHOXY)-2-{2-[2-(2-METHOXY-ETHOXY]-ETHOXY}-ETHANE (2)",Tenebrio molitor
814,6czs_A,P09668,FALSE,NA,NA,NA,NA,3.4.22.16,3.90.70.10,PF08246;PF00112,X-ray,1.66,"NAG,SO4 (5),CL (2)","2-acetamido-2-deoxy-beta-D-glucopyranose,SULFATE ION (5),CHLORIDE ION (2)",Homo sapiens
858,1mrq_A,Q04828,TRUE,monomer,AUTHOR,monomer,1,1.1.1.-; 1.1.1.112; 1.1.1.149; 1.1.1.209; 1.1.1.210; 1.1.1.357; 1.1.1.51; 1.1.1.53; 1.1.1.62; 1.3.1.20,3.20.20.100,PF00248,X-ray,1.59,"NAP,STR,BME","NADP NICOTINAMIDE-ADENINE-DINUCLEOTIDE PHOSPHATE,PROGESTERONE,BETA-MERCAPTOETHANOL",Homo sapiens
858,1hw6_A,P06632,FALSE,monomer,NA,NA,NA,1.1.1.346,3.20.20.100,PF00248,X-ray,1.9,"MG (2),CL (2)","MAGNESIUM ION (2),CHLORIDE ION (2)",Corynebacterium sp.
858,1qwk_A,P91020,FALSE,NA,NA,NA,NA,NA,3.20.20.100,PF00248,X-ray,1.6,NA,NA,Caenorhabditis elegans
858,1vbj_A,Q9GV41,FALSE,monomer,NA,NA,NA,1.1.1.-,3.20.20.100,PF00248,X-ray,2.1,"NAP,CIT","NADP NICOTINAMIDE-ADENINE-DINUCLEOTIDE PHOSPHATE,CITRIC ACID",Trypanosoma brucei
858,3h7u_A,Q0PGJ6,FALSE,NA,NA,NA,NA,1.1.1.-,3.20.20.100,PF00248,X-ray,1.25,"NAP,ACT","NADP NICOTINAMIDE-ADENINE-DINUCLEOTIDE PHOSPHATE,ACETATE ION",Arabidopsis thaliana
858,3krb_A,A8BGX6,FALSE,NA,NA,NA,NA,1.1.1.21,3.20.20.100,PF00248,X-ray,1.75,"NAP,UNX,EDO","NADP NICOTINAMIDE-ADENINE-DINUCLEOTIDE PHOSPHATE,UNKNOWN ATOM OR ION,1,2-ETHANEDIOL",Giardia lamblia ATCC 50803
858,3o0k_A,Q2YII2,FALSE,NA,NA,NA,NA,1.1.1.-,3.20.20.100,PF00248,X-ray,1.8,"EDO,GOL","1,2-ETHANEDIOL,GLYCEROL",Brucella abortus 2308
858,3wcz_A,H9JTG9,FALSE,NA,NA,NA,NA,1.1.1.-,3.20.20.100,PF00248,X-ray,1.3,"NAP,EDO (4),CIT","NADP NICOTINAMIDE-ADENINE-DINUCLEOTIDE PHOSPHATE,1,2-ETHANEDIOL (4),CITRIC ACID",Bombyx mori
858,3wg6_A,Q76L37,FALSE,monomer,NA,NA,NA,1.1.1.-; 1.1.1.358,3.20.20.100,PF00248,X-ray,2.2,NDP,NADPH DIHYDRO-NICOTINAMIDE-ADENINE-DINUCLEOTIDE PHOSPHATE,Candida parapsilosis
858,4h8n_A,Q76L36,FALSE,monomer,NA,NA,NA,1.1.1.-; 1.1.1.358,3.20.20.100,PF00248,X-ray,1.8,NDP,NADPH DIHYDRO-NICOTINAMIDE-ADENINE-DINUCLEOTIDE PHOSPHATE,Candida parapsilosis
858,4hbk_A,Q5DD64,FALSE,NA,NA,NA,NA,1.1.1.21,3.20.20.100,PF00248,X-ray,2.2,NA,NA,Schistosoma japonicum
858,4ijr_A,P38115,FALSE,heterodimer,NA,NA,NA,1.1.1.117,3.20.20.100,PF00248,X-ray,2,NDP,NADPH DIHYDRO-NICOTINAMIDE-ADENINE-DINUCLEOTIDE PHOSPHATE,Saccharomyces cerevisiae S288C
858,4jir_A,P15121,FALSE,monomer,NA,NA,NA,1.1.1.21; 1.1.1.300; 1.1.1.372; 1.1.1.54,3.20.20.100,PF00248,X-ray,2,"EPR,SO4 (2),NAP","{5-[(2E)-2-methyl-3-phenylprop-2-en-1-ylidene]-4-oxo-2-thioxo-1,3-thiazolidin-3-yl}acetic acid,SULFATE ION (2),NADP NICOTINAMIDE-ADENINE-DINUCLEOTIDE PHOSPHATE",Homo sapiens
858,4otk_A,P9WQA5,FALSE,monomer,NA,NA,NA,1.1.1.-,3.20.20.100,PF00248,X-ray,1.6,"MLI (2),CL","MALONATE ION (2),CHLORIDE ION",Mycobacterium tuberculosis
858,5jgy_A,E9JVD4,FALSE,NA,NA,NA,NA,NA,3.20.20.100,PF00248,X-ray,1.45,"6KB,EDO (4)","4-[(2~{R},3~{R},4~{S},5~{R})-5-[[[[(2~{R},3~{R},4~{R},5~{R})-5-(6-aminopurin-9-yl)-3-oxidanyl-4-phosphonooxy-oxolan-2-yl]methoxy-oxidanyl-phosphoryl]oxy-oxidanyl-phosphoryl]oxymethyl]-3,4-bis(oxidanyl)oxolan-2-yl]oxybutanoic acid,1,2-ETHANEDIOL (4)",Zea mays
858,5jh2_A,A2T1W7,FALSE,NA,NA,NA,NA,NA,3.20.20.100,PF00248,X-ray,1.72,"A2P,EDO,CL","ADENOSINE-2'-5'-DIPHOSPHATE,1,2-ETHANEDIOL,CHLORIDE ION",Zea mays
877,1pbg_A,P11546,TRUE,NA,AUTHOR,monomer,1,3.2.1.85,3.20.20.80,PF00232,X-ray,2.3,SO4,SULFATE ION,Lactococcus lactis
877,1cbg_A,P26205,FALSE,homodimer,AUTHOR,dimer,2,3.2.1.21,3.20.20.80,PF00232,X-ray,2.15,NA,NA,Trifolium repens
877,1gon_A,Q59976,FALSE,NA,NA,NA,NA,3.2.1.21,3.20.20.80,PF00232,X-ray,2.2,"HG (3),SO4","MERCURY (II) ION (3),SULFATE ION",Streptomyces sp.
877,1qox_A,Q03506,FALSE,NA,NA,NA,NA,3.2.1.21,3.20.20.80,PF00232,X-ray,2.7,NA,NA,Niallia circulans subsp. alkalophilus
877,1ug6_A,Q8GEB3,FALSE,NA,NA,NA,NA,3.2.1.21,3.20.20.80,PF00232,X-ray,0.99,GOL (4),GLYCEROL (4),Thermus thermophilus
877,1wcg_A,Q95X01,FALSE,homodimer,NA,NA,NA,3.2.1.147,3.20.20.80,PF00232,X-ray,1.1,GOL (2),GLYCEROL (2),Brevicoryne brassicae
877,2e3z_A,Q25BW5,FALSE,NA,NA,NA,NA,3.2.1.21,3.20.20.80,PF00232,X-ray,1.5,NA,NA,Phanerodontia chrysosporium
877,2e9m_A,Q9H227,FALSE,NA,NA,NA,NA,3.2.1.21; 3.2.1.45; 3.2.1.46,3.20.20.80,PF00232,X-ray,1.8,"GAL,PLM,OLA","beta-D-galactopyranose,PALMITIC ACID,OLEIC ACID",Homo sapiens
877,2jf7_A,Q8GU20,FALSE,NA,NA,NA,NA,3.2.1.105,3.20.20.80,PF00232,X-ray,2.48,NA,NA,Rauvolfia serpentina
877,2o9t_A,P22505,FALSE,NA,NA,NA,NA,3.2.1.21,3.20.20.80,PF00232,X-ray,2.15,BGC,beta-D-glucopyranose,Paenibacillus polymyxa
877,2xhy_A,Q46829,FALSE,homotetramer,NA,NA,NA,3.2.1.86,3.20.20.80,PF00232,X-ray,2.3,"BR (3),SO4","BROMIDE ION (3),SULFATE ION",Escherichia coli K-12
877,3ahx_A,Q53EH2,FALSE,NA,NA,NA,NA,3.2.1.21,3.20.20.80,PF00232,X-ray,1.9,NA,NA,Clostridium cellulovorans
877,3aiv_A,Q9FYS3,FALSE,homohexamer,NA,NA,NA,3.2.1.182; 3.2.1.21,3.20.20.80,PF00232,X-ray,2.5,HBO,"2,4-DIHYDROXY-7-(METHYLOXY)-2H-1,4-BENZOXAZIN-3(4H)-ONE",Secale cereale
877,3qom_A,F9UU25,FALSE,NA,NA,NA,NA,3.2.1.86,3.20.20.80,PF00232,X-ray,1.498,"BGC,PO4 (4),ACT","beta-D-glucopyranose,PHOSPHATE ION (4),ACETATE ION",Lactiplantibacillus plantarum
877,3w53_A,B9V8P5,FALSE,NA,NA,NA,NA,3.2.1.21,3.20.20.80,PF00232,X-ray,2.2,TRS,"2-AMINO-2-HYDROXYMETHYL-PROPANE-1,3-DIOL",Micrococcus antarcticus
877,4hz8_A,Q0GMU3,FALSE,NA,NA,NA,NA,3.2.1.21,3.20.20.80,PF00232,X-ray,1.14,BGC,beta-D-glucopyranose,uncultured bacterium
877,4ipl_A,A0A0H2UP35,FALSE,NA,NA,NA,NA,3.2.1.86,3.20.20.80,PF00232,X-ray,2.004,GOL,GLYCEROL,Streptococcus pneumoniae TIGR4
877,4ptw_A,B8CYA8,FALSE,NA,NA,NA,NA,3.2.1.21,3.20.20.80,PF00232,X-ray,2,"G2F,PG4","2-deoxy-2-fluoro-alpha-D-glucopyranose,TETRAETHYLENE GLYCOL",Halothermothrix orenii H 168
877,5bwf_A,A3FPG4,FALSE,NA,NA,NA,NA,NA,3.20.20.80,PF00232,X-ray,2.6,"GOL (2),SO4 (3)","GLYCEROL (2),SULFATE ION (3)",Trichoderma harzianum
877,5cg0_A,O61594,FALSE,NA,NA,NA,NA,NA,3.20.20.80,PF00232,X-ray,2.09,TRS,"2-AMINO-2-HYDROXYMETHYL-PROPANE-1,3-DIOL",Spodoptera frugiperda
877,5dt7_A,K0A8J9,FALSE,NA,NA,NA,NA,3.2.1.21,3.20.20.80,PF00232,X-ray,2.15,"CXS,SO4 (2),GOL (2)","3-CYCLOHEXYL-1-PROPYLSULFONIC ACID,SULFATE ION (2),GLYCEROL (2)",Exiguobacterium antarcticum B7
877,5foo_A,Q99YP9,FALSE,NA,NA,NA,NA,NA,3.20.20.80,PF00232,X-ray,2.1,"JAZ,EDO (5),PO4,CL","6-PHOSPHOCYCLOPHELLITOL,1,2-ETHANEDIOL (5),PHOSPHATE ION,CHLORIDE ION",Streptococcus pyogenes M1 GAS
877,5jbo_A,A0A0F9XM91,FALSE,NA,NA,NA,NA,NA,3.20.20.80,PF00232,X-ray,1.97,NA,NA,Trichoderma harzianum
908,1rtu_A,P00654,TRUE,NA,AUTHOR,monomer,1,4.6.1.20,3.10.450.30,NA,X-ray,1.8,SO4,SULFATE ION,Ustilago sphaerogena
908,1rds_A,P00653,FALSE,NA,NA,NA,NA,4.6.1.24,3.10.450.30,NA,X-ray,1.8,GPC,2'-FLUOROGUANYLYL-(3'-5')-PHOSPHOCYTIDINE,Aspergillus phoenicis
908,2hoh_A,P00651,FALSE,monomer,NA,NA,NA,4.6.1.24,3.10.450.30,NA,X-ray,1.9,2GP,GUANOSINE-2'-MONOPHOSPHATE,Aspergillus oryzae
908,3who_A,P81762,FALSE,NA,NA,NA,NA,4.6.1.24,3.10.450.30,NA,X-ray,1.85,NA,NA,Pleurotus ostreatus
908,6ls1_A,B1Q4V2,FALSE,NA,NA,NA,NA,NA,3.10.450.30,NA,X-ray,1.58,"GMP,PEG","GUANOSINE,DI(HYDROXYETHYL)ETHER",Hericium erinaceus
923,2acy_A,P41500,TRUE,NA,AUTHOR,monomer,1,3.6.1.7,3.30.70.100,PF00708,X-ray,1.8,"SO4 (2),CL","SULFATE ION (2),CHLORIDE ION",Bos taurus
923,1urr_A,Q9VF36,FALSE,NA,NA,NA,NA,3.6.1.7,3.30.70.100,PF00708,X-ray,1.5,GOL,GLYCEROL,Drosophila melanogaster
923,1w2i_A,P84142,FALSE,monomer,NA,NA,NA,3.6.1.7,3.30.70.100,PF00708,X-ray,1.5,FMT (2),FORMIC ACID (2),Pyrococcus horikoshii
923,3trg_A,Q83AB0,FALSE,NA,NA,NA,NA,3.6.1.7,3.30.70.100,PF00708,X-ray,1.601,"CL,EDO","CHLORIDE ION,1,2-ETHANEDIOL",Coxiella burnetii RSA 493
931,2pth_A,P0A7D1,TRUE,monomer,AUTHOR,monomer,1,3.1.1.29,3.40.50.1470,PF01195,X-ray,1.2,NA,NA,Escherichia coli K-12
931,3nea_A,Q5NGZ6,FALSE,monomer,NA,NA,NA,3.1.1.29,3.40.50.1470,PF01195,X-ray,2.25,"CL,EDO (5)","CHLORIDE ION,1,2-ETHANEDIOL (5)",Francisella tularensis subsp. tularensis
931,3td6_A,P9WHN7,FALSE,monomer,NA,NA,NA,3.1.1.29,3.40.50.1470,PF01195,X-ray,3.2,NA,NA,Mycobacterium tuberculosis H37Rv
931,3v2i_A,Q2T1B9,FALSE,monomer,NA,NA,NA,3.1.1.29,3.40.50.1470,PF01195,X-ray,1.65,"CIT,UNL","CITRIC ACID,Unknown ligand",Burkholderia thailandensis E264
931,4jc4_A,Q9HVC3,FALSE,monomer,NA,NA,NA,3.1.1.29,3.40.50.1470,PF01195,X-ray,2.25,GOL,GLYCEROL,Pseudomonas aeruginosa PAO1
931,4qt4_A,B5XIP6,FALSE,monomer,NA,NA,NA,3.1.1.29,3.40.50.1470,PF01195,X-ray,2.19,NA,NA,Streptococcus pyogenes NZ131
931,4yly_A,Q6YP15,FALSE,monomer,NA,NA,NA,3.1.1.29,3.40.50.1470,PF01195,X-ray,2.25,GOL (4),GLYCEROL (4),Staphylococcus aureus
